<?xml version="1.0" encoding="UTF-8"?>
<!DOCTYPE mapper PUBLIC "-//mybatis.org//DTD Mapper 3.0//EN" "http://mybatis.org/dtd/mybatis-3-mapper.dtd">
<mapper namespace="com.jiabo.medical.mapper.MtCaseMapper">  
    <resultMap type="com.jiabo.medical.entity.MtCaseDTO" id="caseMap">
        <!-- 用id属性来映射主键字段 -->
        <id property="caseId" column="case_id" javaType="java.lang.Integer"/>
        <!-- 用result属性来映射非主键字段 -->
        <result property="hisId" column="his_id"/>
        <result property="caseSubject" column="case_subject"/>
        <result property="caseRemark" column="case_remark"/>
        <result property="caseState" column="case_state"/>
        <result property="hisRemark" column="his_remark"/>
        <result property="reporterWeixin" column="reporter_weixin"/>
        <result property="reporterUserId" column="reporter_user_id"/>
        <result property="assigneeUserId" column="assignee_user_id"/>
        <result property="deviceId" column="device_id"/>
        <result property="assigneeUserName" column="display_name"/>
        <result property="hospital" column="hospital_name"/>
        <result property="deviceName" column="device_name"/>
        <result property="deptName" column="dept_name"/>
        <result property="deviceState" column="device_state"/>
        <result property="responseInterval" column="response_interval"/>
        <result property="solveInterval" column="solve_interval"/>
        <result property="feedbackScore" column="feedback_score"/>
        <result property="feedbackContent" column="feedback_content"/>
        <result property="cost" column="cost"/>
        <result property="reporterName" column="reporter_name"/>
        <result property="reporterCompany" column="reporter_company"/>
        <result property="reporterMobile" column="reporter_mobile"/>
        <result property="createTime" column="create_time" javaType="java.sql.Timestamp"/>
        <result property="creater" column="creater"/>
        <result property="modifyTime" column="modify_time" javaType="java.sql.Timestamp"/>
        <result property="modifier" column="modifier"/>
    </resultMap>
    
    <select id="getCaseRecCount" parameterType="com.jiabo.medical.entity.MtCaseDTO" resultType="java.lang.Integer">
        select count(1)
          from tb_mt_case as tmc
            left join tb_device as tdv
                on tmc.device_id = tdv.device_id
        <where>
            <if test="assigneeUserId != null and assigneeUserId != ''">
                tmc.assignee_user_id = #{assigneeUserId}
            </if>
            <if test="deviceId != null">
                and tmc.device_id = #{deviceId}
            </if>
            <if test="caseState != null">
                and tmc.case_state = #{caseState}
            </if>
            <if test="deviceState != null">
                and tdv.device_state = #{deviceState}
            </if>
         </where>
        
    </select>
    
    <select id="getDeviceCount" parameterType="java.lang.Integer" resultType="java.lang.Integer">
        select count(1)
          from tb_device 
                where device_id = #{device_id}
    </select>
  
  <select id="getMtCaseList" parameterType="com.jiabo.medical.entity.MtCaseDTO" resultMap="caseMap">
    select tmc.*,tdv.device_name,tdv.device_state,th.hospital_name,tdm.dept_name
          from tb_mt_case as tmc
            left join tb_device as tdv
                on tmc.device_id = tdv.device_id
            left join tb_hospital as th
                on tdv.hospital_id = th.hospital_id
            left join tb_department as tdm
                on tdv.dept_id = tdm.dept_id
        <where>
            <if test="assigneeUserId != null">
                tmc.assignee_user_id = #{assigneeUserId}
            </if>
            <if test="deviceId != null">
                and tmc.device_id = #{deviceId}
            </if>
            <if test="caseState != null">
                and tmc.case_state = #{caseState}
            </if>
            <if test="deviceState != null">
                and tdv.device_state = #{deviceState}
            </if>
         </where>
         order by tmc.create_time desc
         limit #{pageSize,jdbcType=INTEGER} offset #{pageIndex,jdbcType=INTEGER}
         
  </select>
  
  <select id="getMtCaseInfo" parameterType="java.lang.Integer" resultMap="caseMap">
        select tmc.*, tdv.device_name, tdv.device_state, th.hospital_name,tdm.dept_name
          from tb_mt_case as tmc  
            left join tb_device as tdv
                on tmc.device_id = tdv.device_id
            left join tb_hospital as th
                on tdv.hospital_id = th.hospital_id
            left join tb_department as tdm
                on tdv.dept_id = tdm.dept_id
        where
                tmc.case_id = #{caseId}
            
  </select>
  
  <select id="getCaseTimeShaft" parameterType="java.lang.Integer" resultMap="caseMap">
     select tmch.*,tu.display_name, tmc.case_subject, tdv.device_name,th.hospital_name,tdm.dept_name
          from tb_mt_case_history as tmch   
            inner join tb_mt_case as tmc
                on tmch.case_id = tmc.case_id
            inner join tb_user as tu
                on tu.user_id = tmch.creater
            left join tb_device as tdv
                on tmc.device_id = tdv.device_id
            left join tb_hospital as th
                on tdv.hospital_id = th.hospital_id
            left join tb_department as tdm
                on tdv.dept_id = tdm.dept_id
        where
                tmch.case_id = #{caseId}
  </select>
  
  
  <insert id="addMtCase" parameterType="com.jiabo.medical.entity.MtCaseDTO">  
    insert into tb_mt_case
        (
            case_subject,
            case_remark, 
            case_state, 
            reporter_weixin, 
            reporter_user_id, 
            assignee_user_id,
            device_id,
            response_interval,
            solve_interval,
            feedback_score,
            feedback_content,
            cost,
            case_file_path,
            create_time, 
            creater, 
            modify_time, 
            modifier,
            reporter_name,
            reporter_company,
            reporter_mobile
        )
        values  
        (
             #{caseSubject,jdbcType=VARCHAR}, 
             #{caseRemark,jdbcType=VARCHAR},
             #{caseState,jdbcType=INTEGER},
             #{reporterWeixin,jdbcType=VARCHAR},
             #{reporterUserId,jdbcType=INTEGER},
             #{assigneeUserId,jdbcType=INTEGER},
             #{deviceId,jdbcType=INTEGER},
             #{responseInterval,jdbcType=INTEGER},
             #{solveInterval,jdbcType=INTEGER},
             #{feedbackScore,jdbcType=INTEGER},
             #{feedbackContent,jdbcType=VARCHAR},
             #{cost,jdbcType=INTEGER},
             #{caseFilePath,jdbcType=VARCHAR},
             #{createTime,jdbcType=TIMESTAMP},
             #{creater,jdbcType=INTEGER},
             #{modifyTime,jdbcType=TIMESTAMP},
             #{modifier,jdbcType=INTEGER},
             #{reporterName,jdbcType=VARCHAR},
             #{reporterCompany,jdbcType=VARCHAR},
             #{reporterMobile,jdbcType=VARCHAR}
         )
             
  </insert>
  
  <insert id="addMtCaseHistory" parameterType="com.jiabo.medical.entity.MtCaseDTO">  
    insert into tb_mt_case_history
        (
            case_id,
            case_state, 
            his_remark, 
            assignee_user_id,
            create_time, 
            creater
        )
        values  
        (
             #{caseId,jdbcType=INTEGER}, 
             #{caseState,jdbcType=INTEGER},
             #{hisRemark,jdbcType=VARCHAR},
             #{assigneeUserId,jdbcType=INTEGER},
             #{createTime,jdbcType=TIMESTAMP},
             #{creater,jdbcType=INTEGER}
         )
             
  </insert>
  
  <select id="getSequenceNo" resultType="java.lang.Integer" >
     SELECT last_value from tb_mt_case_case_id_seq
  </select>
  
  <select id="getAssigneeIds" parameterType="java.lang.String" resultType="java.lang.Integer">
    select tur.user_id
        from tr_user_role as tur
            inner join tb_role as tr
                on tur.role_id = tr.role_id
                  where tr.role_name = #{roleName}
  </select>
  
  <select id="getRoleName" parameterType="java.lang.Integer" resultType="java.lang.String">
    select tr.role_name
        from tr_user_role as tur
            inner join tb_role as tr
                on tur.role_id = tr.role_id
                  where tur.user_id = #{userId}
  </select>
 
  <select id="rotateMtCaseState" parameterType="java.lang.Integer" resultType="java.lang.Integer">
    select count(1)
        from tb_mt_case 
            where assignee_user_id = #{assigneeUserId}
            and case_state = 10
  </select>
  
  <update id="updMtCaseState" parameterType="com.jiabo.medical.entity.MtCaseDTO">
    update tb_mt_case 
        <set>
            <if test="caseRemark != null and caseRemark != ''">
                case_remark = #{caseRemark},
            </if>
            <if test="caseState != null and caseState != ''">
                case_state = #{caseState},
            </if>
            <if test="assigneeUserId != null and assigneeUserId != ''">
                assignee_user_id = #{assigneeUserId},
            </if>
            <if test="responseInterval != null and responseInterval != ''">
                response_interval = #{responseInterval},
            </if>
            <if test="solveInterval != null and solveInterval != ''">
                solve_interval = #{solveInterval},
            </if>
            <if test="feedbackContent != null and feedbackContent != ''">
                feedback_content = #{feedbackContent},
            </if>
            <if test="feedbackScore != null and feedbackScore != ''">
                feedback_score = #{feedbackScore},
            </if>
            <if test="cost != null and cost != ''">
                cost = #{cost},
            </if>
	           modify_time = #{modifyTime,jdbcType=TIMESTAMP},
	           modifier = #{modifier}
        </set>
           
        where case_id = #{caseId,jdbcType=INTEGER}
  </update>
 

</mapper>