<?xml version="1.0" encoding="UTF-8"?>
<!DOCTYPE mapper PUBLIC "-//mybatis.org//DTD Mapper 3.0//EN" "http://mybatis.org/dtd/mybatis-3-mapper.dtd">
<mapper namespace="com.jiabo.medical.mapper.DvTimelineMapper">  
    <resultMap type="com.jiabo.medical.entity.DvTimelineDTO" id="caseMap">
        <!-- 用id属性来映射主键字段 -->
        <id property="timelineId" column="timeline_id" javaType="java.lang.Integer"/>
        <!-- 用result属性来映射非主键字段 -->
        <result property="deviceId" column="device_id"/>
        <result property="eventSubject" column="event_subject"/>
        <result property="eventType" column="event_type"/>
        <result property="eventId" column="event_id"/>
        <result property="userId" column="user_id"/>
        <result property="eventTime" column="event_time"/>
        <result property="deviceName" column="device_name"/>
        <result property="respPersonName" column="display_name"/>
        <result property="createTime" column="create_time" javaType="java.sql.Timestamp"/>
        <result property="creater" column="creater"/>
        <result property="modifyTime" column="modify_time" javaType="java.sql.Timestamp"/>
        <result property="modifier" column="modifier"/>
    </resultMap>
    
    <select id="getCaseRecCount" parameterType="com.jiabo.medical.entity.DvTimelineDTO" resultType="java.lang.Integer">
        select count(1)
          from tb_device_timeline as tsc
        <where>
            <if test="deviceId != null and deviceId != ''">
                tsc.device_id = #{deviceId}
            </if>
            <if test="eventBeginTime != null and eventBeginTime != ''">
                tsc.event_time &gt;= #{eventBeginTime}
            </if>
            <if test="eventEndTime != null and eventEndTime != ''">
                tsc.event_time &lt;= #{eventEndTime}
            </if>
         </where>
        
    </select>
  
  <select id="getTimelineCaseList" parameterType="com.jiabo.medical.entity.DvTimelineDTO" resultMap="caseMap">
    select tmc.*,tu.display_name
          from tb_device_timeline as tmc
            left join tb_user as tu
                on tmc.user_id = tu.user_id

        <where>
            <if test="deviceId != null and deviceId != ''">
                tmc.device_id = #{deviceId}
            </if>
            <if test="eventBeginTime != null and eventBeginTime != ''">
                tmc.event_time &gt;= #{eventBeginTime}
            </if>
            <if test="eventEndTime != null and eventEndTime != ''">
                tmc.event_time &lt;= #{eventEndTime}
            </if>
         </where>
         order by tmc.create_time desc
         limit 10 offset #{pageIndex,jdbcType=INTEGER} 
         
  </select>
  
  <insert id="addDvTimelineCase" parameterType="com.jiabo.medical.entity.DvTimelineDTO">  
    insert into tb_device_timeline
        (
            device_id,
            event_subject, 
            event_type, 
            event_time, 
            event_id,
            create_time,
            creater,
            modify_time,
            modifier,
            user_id
        )
        values  
        (
             #{deviceId,jdbcType=INTEGER}, 
             #{eventSubject,jdbcType=VARCHAR},
             #{eventType,jdbcType=INTEGER},
             #{eventTime,jdbcType=TIMESTAMP},
             #{eventId,jdbcType=INTEGER},
             #{createTime,jdbcType=TIMESTAMP},
             #{creater,jdbcType=INTEGER},
             #{modifyTime,jdbcType=TIMESTAMP},
             #{modifier,jdbcType=INTEGER},
             #{userId,jdbcType=INTEGER}
         )
             
  </insert>
  
  
  <select id="getSequenceNo" resultType="java.lang.Integer" >
     SELECT last_value from tb_device_timeline_timeline_id_seq
  </select>

</mapper>